id,Tweet,following,followers,actions,is_retweet,tweet_url
0,'Minha av√≥ ganhou um iphone 12 num sorteio do plano de internet dela e eu ganho s√≥ desgosto nessa vida',0,13634,1,True,https://twitter.com/lojinhadoiphone/status/1467138574244098054
1,'Minha av√≥ ganhou um iphone 12 num sorteio do plano de internet dela e eu ganho s√≥ desgosto nessa vida',84,86,1,False,https://twitter.com/marialcantaraz/status/1467138552668602379
2,'Ganhei um sorteio de iPhone, mas queria m√™s era ganhar o cora√ß√£o dele',0,13634,1,True,https://twitter.com/lojinhadoiphone/status/1467116993987977225
3,'Ganhei um sorteio de iPhone, mas queria m√™s era ganhar o cora√ß√£o dele',987,162,1,False,https://twitter.com/camilalover3/status/1467116972198539277
4,'Ganhei mais um sorteio de iPhone...',0,13634,1,True,https://twitter.com/lojinhadoiphone/status/1467115344317853698
5,'Ganhei mais um sorteio de iPhone...',987,162,1,False,https://twitter.com/camilalover3/status/1467115322817851397
6,'e meu pai que ganhou um Iphone 12 no sorteio, RABUDO',0,13634,1,True,https://twitter.com/lojinhadoiphone/status/1466910151215091716
7,'e meu pai que ganhou um Iphone 12 no sorteio, RABUDO',335,70,1,False,https://twitter.com/sccpnajulia/status/1466910129618567173
8,'@baudocectt Fazer um sorteio de iPhone no insta pra pagar sal√°rio do marleco',781,277,0,False,https://twitter.com/SoaresDouglas21/status/1466900555092144136
9,'#IPHONE13EMETROPOLITANAAinda mais que o sorteio cai exatamente no mesmo dia do meu anivers√°rio, quando isso vai acontecer dnv? Ainda mais um Iphone https://t.co/AJlPxHiVtD',0,13634,1,True,https://twitter.com/lojinhadoiphone/status/1466872598202040338
10,'Sou MT fudido msm, o shopping t√° com v√°rios sorteios n√©, a√≠ fui participar pra tentar ganhar um iPhone 12. EU GANHEI O SORTEIO E O MEU PREMIO FOI UM M√äS DE ESTACIONAMENTO GR√ÅTIS. EU MORO DO LADO DO SHOPPING  HAHAHAHAHAHAHAAHAHAHAHA',373,238,9,False,https://twitter.com/Nicksophfe/status/1466850021362618377
11,'Sorteio de iPhone, passa 15 desse ganha https://t.co/FF0jJK3GJI',0,13634,1,True,https://twitter.com/lojinhadoiphone/status/1466813128776331272
12,'Sorteio de iPhone, passa 15 desse ganha https://t.co/FF0jJK3GJI',498,1537,2,False,https://twitter.com/BinhoHenrii/status/1466813106093498370
13,'@oliveeira_alex Melhor que sorteio de iphone kkk',2082,708,2,False,https://twitter.com/LuizSilva710/status/1466807404578885642
14,'Part√≠cipe do Sorteio de um iPhone 13 + AirPods!üíô Like &amp; RTüìå Marque os amigosüéÅ iPhone 13 + AirPods https://t.co/n1ckXKf4BN#iPhone13 #Giveaway #Sorteio #Apple #Airpods #iPhone https://t.co/axZsAPZ7Dm',23,4,5,True,https://twitter.com/Nachanwo/status/1466804773554835456
15,'sorteio pago 5$ o numero1 ganhador - 1.000$2  ganhador - 500$3 ganhador - 200$quem anima?  se der bom vem iphone xr 128g novo p 1 ganhador em janeiro ü§™',1834,3509,6,True,https://twitter.com/Jukareiz/status/1466803858571681792
16,'to doando apoiador pra galera participar do sorteio do iphone 12 e ainda roubam 10 conto, √© de cair o cu da bunda',480,969,1,False,https://twitter.com/debhc_/status/1466785123035193350
17,'gente, iphone nao √© sinonimo de rico‚Ä¶de 2, 4‚Ä¶1-a pessoa trabalhou duro pra pagar2-a pessoa √© boy e ganhou dos pais3-A pessoa roubou4-a pessoa ganhou num sorteio do insta  que odio, trabalhei meses p pagar o meu e vem z√© falar merda',436,285,4,True,https://twitter.com/promisexs/status/1466780581287632902
18,'chega de fazer sorteio de iphone, comecem a sortear rinoplastia',285,57,2,True,https://twitter.com/flowerfairy_xx/status/1466768718688665600
19,'chega de fazer sorteio de iphone, comecem a sortear rinoplastia',0,13634,2,True,https://twitter.com/lojinhadoiphone/status/1466766081125765120
20,'chega de fazer sorteio de iphone, comecem a sortear rinoplastia',126,242,5,False,https://twitter.com/giuliasrp/status/1466766059562840073
21,'carai meu irm√£o ganhou um iphone 8 de sorteio do col√©gio, √© mto cag√£o tmnc kkkkk',0,13634,1,True,https://twitter.com/lojinhadoiphone/status/1466758715361611778
22,'carai meu irm√£o ganhou um iphone 8 de sorteio do col√©gio, √© mto cag√£o tmnc kkkkk',1990,2130,10,False,https://twitter.com/fbpaBryan/status/1466758693744267273
23,'Part√≠cipe do Sorteio de um iPhone 13 + AirPods!üíô Like &amp; RTüìå Marque os amigosüéÅ iPhone 13 + AirPods https://t.co/n1ckXKf4BN#iPhone13 #Giveaway #Sorteio #Apple #Airpods #iPhone https://t.co/axZsAPZ7Dm',344,7,5,True,https://twitter.com/atherishimself/status/1466742253158862851
24,'gente, iphone nao √© sinonimo de rico‚Ä¶de 2, 4‚Ä¶1-a pessoa trabalhou duro pra pagar2-a pessoa √© boy e ganhou dos pais3-A pessoa roubou4-a pessoa ganhou num sorteio do insta  que odio, trabalhei meses p pagar o meu e vem z√© falar merda',119,186,4,True,https://twitter.com/BrunaMega3/status/1466740396361461760
25,'Part√≠cipe do Sorteio de um iPhone 13 + AirPods!üíô Like &amp; RTüìå Marque os amigosüéÅ iPhone 13 + AirPods https://t.co/n1ckXKf4BN#iPhone13 #Giveaway #Sorteio #Apple #Airpods #iPhone https://t.co/axZsAPZ7Dm',219,24,5,True,https://twitter.com/AleChrysto/status/1466737720634613762
26,'Eu descobri o sorteio da Metropolitana hoje, e amanh√£ sai mais um iPhone 13 na cor que eu queriaaa üòçüòçüòç #IPHONE13EMETROPOLITANA',0,13634,1,True,https://twitter.com/lojinhadoiphone/status/1466735766957133828
27,'Eu descobri o sorteio da Metropolitana hoje, e amanh√£ sai mais um iPhone 13 na cor que eu queriaaa üòçüòçüòç #IPHONE13EMETROPOLITANA',674,175,1,False,https://twitter.com/brucedavidrm/status/1466735745457135624
28,'gente, iphone nao √© sinonimo de rico‚Ä¶de 2, 4‚Ä¶1-a pessoa trabalhou duro pra pagar2-a pessoa √© boy e ganhou dos pais3-A pessoa roubou4-a pessoa ganhou num sorteio do insta  que odio, trabalhei meses p pagar o meu e vem z√© falar merda',0,13634,4,True,https://twitter.com/lojinhadoiphone/status/1466721217432498176
29,'gente, iphone nao √© sinonimo de rico‚Ä¶de 2, 4‚Ä¶1-a pessoa trabalhou duro pra pagar2-a pessoa √© boy e ganhou dos pais3-A pessoa roubou4-a pessoa ganhou num sorteio do insta  que odio, trabalhei meses p pagar o meu e vem z√© falar merda',190,209,7,False,https://twitter.com/a_maisgatha/status/1466721195580088322
30,'A Madonna respondendo o shade do 50 cent meu deus daqui a pouco t√° fazendo sorteio de iPhone üò≠üò≠ como a rainha do pop foi se subcelebritizar assim',58,1908,4,True,https://twitter.com/MadonnaVicia/status/1466686865529053184
31,'Vontade de matar Julia, fez eu pagar 60 reais num frete, porque diz ela que ganhou um iPhone no sorteio, agora os povo n√£o quer responder mais kkkkkkkkkkkkkkkkkkkü§°ü§°',0,13634,1,True,https://twitter.com/lojinhadoiphone/status/1466618958484811777
32,'Vontade de matar Julia, fez eu pagar 60 reais num frete, porque diz ela que ganhou um iPhone no sorteio, agora os povo n√£o quer responder mais kkkkkkkkkkkkkkkkkkkü§°ü§°',44,29,4,False,https://twitter.com/marys0ares/status/1466618936762507267
33,'A Madonna respondendo o shade do 50 cent meu deus daqui a pouco t√° fazendo sorteio de iPhone üò≠üò≠ como a rainha do pop foi se subcelebritizar assim',0,13634,4,True,https://twitter.com/lojinhadoiphone/status/1466597757834219523
34,'A Madonna respondendo o shade do 50 cent meu deus daqui a pouco t√° fazendo sorteio de iPhone üò≠üò≠ como a rainha do pop foi se subcelebritizar assim',882,1312,24,False,https://twitter.com/henrypster/status/1466597736149626882
35,'sorteio pago 5$ o numero1 ganhador - 1.000$2  ganhador - 500$3 ganhador - 200$quem anima?  se der bom vem iphone xr 128g novo p 1 ganhador em janeiro ü§™',1066,1462,6,True,https://twitter.com/lucasmfuck/status/1466593425394860033
36,'Que amanh√£ eu ganhei um sorteio de iPhone tbm am√©m',0,13634,1,True,https://twitter.com/lojinhadoiphone/status/1466590580209856512
37,'Que amanh√£ eu ganhei um sorteio de iPhone tbm am√©m',498,867,2,False,https://twitter.com/Skieres_/status/1466590558625976322
38,'Minha irm√£ ganhou nada mais nada menos que um iPhone x em um sorteio da escola KKKKKKK',0,13634,1,True,https://twitter.com/lojinhadoiphone/status/1466586898210693123
39,'Minha irm√£ ganhou nada mais nada menos que um iPhone x em um sorteio da escola KKKKKKK',498,867,1,False,https://twitter.com/Skieres_/status/1466586876672757763
40,'@DiiuliaBecker Pr√≥ximo sorteio de iPhone vai ser pro m√©dio üôå',164,178,1,False,https://twitter.com/MENOR_DA_BXD/status/1466577299164205060
41,'sorteio pago 5$ o numero1 ganhador - 1.000$2  ganhador - 500$3 ganhador - 200$quem anima?  se der bom vem iphone xr 128g novo p 1 ganhador em janeiro ü§™',933,1030,6,True,https://twitter.com/DjJardelSC/status/1466573637276815363
42,'sorteio pago 5$ o numero1 ganhador - 1.000$2  ganhador - 500$3 ganhador - 200$quem anima?  se der bom vem iphone xr 128g novo p 1 ganhador em janeiro ü§™',396,686,6,True,https://twitter.com/cahhhcris/status/1466570325303439369
43,'sorteio pago 5$ o numero1 ganhador - 1.000$2  ganhador - 500$3 ganhador - 200$quem anima?  se der bom vem iphone xr 128g novo p 1 ganhador em janeiro ü§™',478,559,6,True,https://twitter.com/RafinhaCi/status/1466570247515688960
44,'sorteio pago 5$ o numero1 ganhador - 1.000$2  ganhador - 500$3 ganhador - 200$quem anima?  se der bom vem iphone xr 128g novo p 1 ganhador em janeiro ü§™',0,13634,6,True,https://twitter.com/lojinhadoiphone/status/1466569255244414978
45,'sorteio pago 5$ o numero1 ganhador - 1.000$2  ganhador - 500$3 ganhador - 200$quem anima?  se der bom vem iphone xr 128g novo p 1 ganhador em janeiro ü§™',448,6159,44,False,https://twitter.com/aronkawilliann/status/1466569233391931400
46,'louyse por favor bloqueia essa urubua se ela ganhar esse sorteio eu jogo esse iphone no lago',141,279,3,False,https://twitter.com/shmchado/status/1466545666402881540
47,'para concorrer a um sorteio de iphone 13 √© f√°cil, basta comprar 200 mil na nossa loja e pronto, voc√™ est√° concorrendo ü•≥ü•≥ü•≥ü•≥',0,13634,1,True,https://twitter.com/lojinhadoiphone/status/1466526799685427209
48,'para concorrer a um sorteio de iphone 13 √© f√°cil, basta comprar 200 mil na nossa loja e pronto, voc√™ est√° concorrendo ü•≥ü•≥ü•≥ü•≥',272,833,1,False,https://twitter.com/luizadavidt/status/1466526778109747210
49,'Part√≠cipe do Sorteio de um iPhone 13 + AirPods!üíô Like &amp; RTüìå Marque os amigosüéÅ iPhone 13 + AirPods https://t.co/n1ckXKf4BN#iPhone13 #Giveaway #Sorteio #Apple #Airpods #iPhone https://t.co/axZsAPZ7Dm',1077,86,5,True,https://twitter.com/edgarmarttin/status/1466526616159354887
50,'Part√≠cipe do Sorteio de um iPhone 13 + AirPods!üíô Like &amp; RTüìå Marque os amigosüéÅ iPhone 13 + AirPods https://t.co/n1ckXKf4BN#iPhone13 #Giveaway #Sorteio #Apple #Airpods #iPhone https://t.co/axZsAPZ7Dm',0,13634,5,True,https://twitter.com/lojinhadoiphone/status/1466523638803447814
51,'Part√≠cipe do Sorteio de um iPhone 13 + AirPods!üíô Like &amp; RTüìå Marque os amigosüéÅ iPhone 13 + AirPods https://t.co/n1ckXKf4BN#iPhone13 #Giveaway #Sorteio #Apple #Airpods #iPhone https://t.co/axZsAPZ7Dm',3,8569,16,False,https://twitter.com/GleamSorteios/status/1466523615910715397
52,'Qual √© a coisa mais sortuda que j√° lhe aconteceu? ‚Äî eu ganhar um sorteio de um iphone kk https://t.co/1yr4LkqKFi',0,13634,1,True,https://twitter.com/lojinhadoiphone/status/1466520880750776325
53,'Qual √© a coisa mais sortuda que j√° lhe aconteceu? ‚Äî eu ganhar um sorteio de um iphone kk https://t.co/1yr4LkqKFi',88,69,2,False,https://twitter.com/taeyongvampirao/status/1466520858948681730
54,'@Flamengo agora fax sorteio de iphone',1083,2002,0,False,https://twitter.com/lisaxcrf/status/1466394097363660805
55,'@acrimewavee Claro que sim, mas o engajamento em publis vem ladeirando, tem uns a√≠ que torciam pra ela ser a queridinha das marcas e agora reclamam pra deixar um like e um coment√°rio nas publis, as marcas querem resultados e sem engajamento s√≥ vai sobrar CINTA MODELADORA e SORTEIO DE IPHONE!',927,421,0,False,https://twitter.com/traucz/status/1466382985263996934
56,'ser√° que um dia eu vou ficar famosa ate o ponto de eu fazer sorteio de make e iphone no Instagram?',110,74,1,False,https://twitter.com/yabbarbosa/status/1466225818749882368
57,'Eu participando de outro sorteio de iPhone 11 ü§°ü§°ü§°ü§°ü§°ü§°ü§°',535,1112,4,False,https://twitter.com/OrtizCamilii/status/1466216429422891008
58,'perdi a rifa do iphone/7k mas ganhei o sorteio de procedimentos barriga zero VEM VER√ÉO KKKKKKKK üçÄ',0,13634,1,True,https://twitter.com/lojinhadoiphone/status/1466206094347452422
59,'perdi a rifa do iphone/7k mas ganhei o sorteio de procedimentos barriga zero VEM VER√ÉO KKKKKKKK üçÄ',280,54,1,False,https://twitter.com/odonaraba/status/1466206072801267717
60,'Sorteio de iPhone eu n√£o ganho, mas para apresentar trabalho sim.',0,13634,1,True,https://twitter.com/lojinhadoiphone/status/1466196690013196297
61,'Sorteio de iPhone eu n√£o ganho, mas para apresentar trabalho sim.',815,308,2,False,https://twitter.com/Tulioraf/status/1466196668437647372
62,'tem q ser mto cagado msm pra ganhar um iphone 12 pro max num sorteio',649,707,1,False,https://twitter.com/_panciarelli/status/1466189647189585928
63,'Daqui a pouquinho, √†s 17hColoca no Alarme a√≠ FOTO OFICIAL DO SORTEIO DO IPHONE E quem for participar nos primeiros 50 min vai concorrer a um PIX de 100 reais ainda hoje.',0,13634,1,True,https://twitter.com/lojinhadoiphone/status/1466123931824398343
64,'Daqui a pouquinho, √†s 17hColoca no Alarme a√≠ FOTO OFICIAL DO SORTEIO DO IPHONE E quem for participar nos primeiros 50 min vai concorrer a um PIX de 100 reais ainda hoje.',13,335,2,False,https://twitter.com/ctadabagaceira/status/1466123910244495362
65,'COMPREM MINJAS RIFA 5 REAIS SORTEIO √â EM DEZEMBRO JA TEM TV IPHONE NOTEBOOK PLAYSTATION E TABLET!!!!!!!!! https://t.co/KyPfIVBRum',697,1058,5,False,https://twitter.com/airotiv___/status/1466111360497029125
66,'Carai, em 1 semana de empresa quase ganhei um iPhone 11 num sorteio aqui. Falta de sorte ou bom sinal? Hahaha',0,13634,1,True,https://twitter.com/lojinhadoiphone/status/1466072881243303943
67,'Carai, em 1 semana de empresa quase ganhei um iPhone 11 num sorteio aqui. Falta de sorte ou bom sinal? Hahaha',40,36,1,False,https://twitter.com/saidolinad/status/1466072859449737218
68,'To participando de um sorteio de um iPhone 11, s√≥ vou colocando @ e marcando todo mundo que aparece, marquei um monte de gente que n√£o gosta de mim e quem nem conhe√ßo tamb√©m, pessoas que nem sigo. Nem ligo pq p tentar ganhar eu marcaria at√© deus e o diabo no mesmo coment√°rio. ü§∑üèª‚Äç‚ôÄÔ∏è',0,13634,1,True,https://twitter.com/lojinhadoiphone/status/1466068986802716673
69,'To participando de um sorteio de um iPhone 11, s√≥ vou colocando @ e marcando todo mundo que aparece, marquei um monte de gente que n√£o gosta de mim e quem nem conhe√ßo tamb√©m, pessoas que nem sigo. Nem ligo pq p tentar ganhar eu marcaria at√© deus e o diabo no mesmo coment√°rio. ü§∑üèª‚Äç‚ôÄÔ∏è',2448,3211,1,False,https://twitter.com/crestanimariae/status/1466068965017407488
70,'Todo final de ano to eu compartilhando sorteio de iphone sabendo que n√£o vou ganhar ü§∑üèª‚Äç‚ôÇÔ∏è',0,13634,1,True,https://twitter.com/lojinhadoiphone/status/1466063965356707841
71,'Todo final de ano to eu compartilhando sorteio de iphone sabendo que n√£o vou ganhar ü§∑üèª‚Äç‚ôÇÔ∏è',141,94,5,False,https://twitter.com/j_massocatto/status/1466063940161576963
72,'Fala pessoal, irei sortear um iPhone SE novinho ou 1500,00.A data de sorteio da rifa ser√° definida APENAS quando todos os n√∫meros estiverem vendidos, caso isso n√£o ocorra at√© dia 01/02 e at√© l√° tivermos 400 n√∫meros vendidos o sorteio ir√° ocorrer https://t.co/wxzzsl0bL7',444,1335,1,True,https://twitter.com/Fabiano_Figueir/status/1466062067509649410
73,'Fala pessoal, irei sortear um iPhone SE novinho ou 1500,00.A data de sorteio da rifa ser√° definida APENAS quando todos os n√∫meros estiverem vendidos, caso isso n√£o ocorra at√© dia 01/02 e at√© l√° tivermos 400 n√∫meros vendidos o sorteio ir√° ocorrer https://t.co/wxzzsl0bL7',287,566,2,False,https://twitter.com/FranFigueir/status/1466047190804148237
74,'A Juliette com inveja de fazer publi de gummy hair, de cinta modeladora e de fazer sorteio de iPhone, orem pela ju https://t.co/MTkfWFReyZ',200,461,2,True,https://twitter.com/cacarolmf/status/1466045664450781185
75,'A Juliette com inveja de fazer publi de gummy hair, de cinta modeladora e de fazer sorteio de iPhone, orem pela ju https://t.co/MTkfWFReyZ',0,13634,2,True,https://twitter.com/lojinhadoiphone/status/1466042429480574979
76,'A Juliette com inveja de fazer publi de gummy hair, de cinta modeladora e de fazer sorteio de iPhone, orem pela ju https://t.co/MTkfWFReyZ',672,799,5,False,https://twitter.com/tuitamariah/status/1466042407762513924
77,'A qualquer momento posso lan√ßar o Sorteio de um IPhone aqui para voc√™s. üöÄ- Quem participar nos primeiros 50 minutos vai concorrer a um ‚Äúsorteio extra‚Äù valendo um pix de R$ 100,00 ainda hoje.',13,335,0,False,https://twitter.com/ctadabagaceira/status/1466039707448614914
78,'d√≥i mt em juli n√£o fazer publi de cinta e sorteio de iPhone, n√£o ter namorado com o ken humano, n√£o ter o zap do bozonaro, isso tudo deve abalar mt ela, fico preocupada com a sa√∫de mental da bichinha https://t.co/VVl8p50WY3 https://t.co/gPb3qN6Lcf',585,678,3,True,https://twitter.com/Dudaticorilo/status/1466038111733964804
79,'d√≥i mt em juli n√£o fazer publi de cinta e sorteio de iPhone, n√£o ter namorado com o ken humano, n√£o ter o zap do bozonaro, isso tudo deve abalar mt ela, fico preocupada com a sa√∫de mental da bichinha https://t.co/VVl8p50WY3 https://t.co/gPb3qN6Lcf',414,441,3,True,https://twitter.com/arcanajuliette/status/1466037307165884427
80,'d√≥i mt em juli n√£o fazer publi de cinta e sorteio de iPhone, n√£o ter namorado com o ken humano, n√£o ter o zap do bozonaro, isso tudo deve abalar mt ela, fico preocupada com a sa√∫de mental da bichinha https://t.co/VVl8p50WY3 https://t.co/gPb3qN6Lcf',0,13634,3,True,https://twitter.com/lojinhadoiphone/status/1466036437636292614
81,'d√≥i mt em juli n√£o fazer publi de cinta e sorteio de iPhone, n√£o ter namorado com o ken humano, n√£o ter o zap do bozonaro, isso tudo deve abalar mt ela, fico preocupada com a sa√∫de mental da bichinha https://t.co/VVl8p50WY3 https://t.co/gPb3qN6Lcf',396,384,38,False,https://twitter.com/unafreire/status/1466036415221878784
82,'Pow tem uma porrada de coisa esse m√™s trimania de natal mega da virada sorteio de iPhone em tudo que √© lugar o Red vai rifar uma M3 tamb√©m seguimos essa vida de apostador nato',0,13634,1,True,https://twitter.com/lojinhadoiphone/status/1466027349644881923
83,'Pow tem uma porrada de coisa esse m√™s trimania de natal mega da virada sorteio de iPhone em tudo que √© lugar o Red vai rifar uma M3 tamb√©m seguimos essa vida de apostador nato',135,228,2,False,https://twitter.com/T_Lorhand/status/1466027327889063942
84,'@_perfakeperfect √â que agora que o Instagram copiou o Tik Tok, os conte√∫dos do povo t√° ainda mais gen√©rico e parecido, al√©m de 50 perfil com "sorteio de iPhone ou valor na conta"',2266,140,1,False,https://twitter.com/tailan_farias/status/1465933824450306051
85,'doida pra ganhar um iphone em um sorteio ~ n√£o t√¥ participando de sorteio nenhum ~',154,134,1,False,https://twitter.com/seilananda_/status/1465899833521225728
86,'Pra quem quer experimentar o SuperCoffee, sugiro aproveitar a Black Friday da Caffeine Army! At√© 25% de desconto, brindes da marca e ainda participa do sorteio de Iphone 13 que eles est√£o fazendo. Acabei de garantir minha participa√ß√£o! Acessa aqui pra ver: https://t.co/xuh57skvVe',45,23,1,False,https://twitter.com/danielmbessa/status/1465866387176534018
87,'Consegui comprar meu SuperCoffee com desconto na Black Friday da Caffeine Army! S√≥ falta eu ganhar o sorteio do Iphone 13 agora, vou zerar o jogo kkkk. Se quiser aproveitar, acessa aqui o link: https://t.co/EtNsPmOGsB',0,13634,1,True,https://twitter.com/lojinhadoiphone/status/1465865664514736142
88,'Consegui comprar meu SuperCoffee com desconto na Black Friday da Caffeine Army! S√≥ falta eu ganhar o sorteio do Iphone 13 agora, vou zerar o jogo kkkk. Se quiser aproveitar, acessa aqui o link: https://t.co/EtNsPmOGsB',0,0,2,False,https://twitter.com/Michell44780245/status/1465865642628759553
89,'Pra quem quer experimentar o SuperCoffee, sugiro aproveitar a Black Friday da Caffeine Army! At√© 25% de desconto, brindes da marca e ainda participa do sorteio de Iphone 13 que eles est√£o fazendo. Acabei de garantir minha participa√ß√£o! Acessa aqui pra ver: https://t.co/erqROhj1W8',423,305,0,False,https://twitter.com/MARCELAVMATTOS/status/1465865574832087042
90,'Part√≠cipe do Sorteio de 2x iPhones 13 Pro!!üíô Like &amp; RTüìå Marque os amigosüéÅ 2x iPhone 13 Pro https://t.co/d6qaqGRPEb#iPhone13Pro #Giveaways #Apple #Sorteio #iPhone13 #SORTEO #iPhone https://t.co/c7FGrfsTFN',105,91,5,True,https://twitter.com/catjiungx/status/1465856292233392131
91,'torcendo pra Gi ganhar um iPhone no sorteio do catuai',104,123,1,False,https://twitter.com/MariaHtto/status/1465850360849997825
92,'Acabei de garantir o meu SuperCoffee com desconto na Black Friday da Caffeine Army, t√° muito legal! √â a chance perfeita pra quem quer experimentar o SuperCoffee e ainda concorrer ao Sorteio de Iphone 13 que eles est√£o fazendo! O link aqui pra quem quiser: https://t.co/55LKqYDf4H',0,13634,1,True,https://twitter.com/lojinhadoiphone/status/1465840165281280001
93,'Acabei de garantir o meu SuperCoffee com desconto na Black Friday da Caffeine Army, t√° muito legal! √â a chance perfeita pra quem quer experimentar o SuperCoffee e ainda concorrer ao Sorteio de Iphone 13 que eles est√£o fazendo! O link aqui pra quem quiser: https://t.co/55LKqYDf4H',132,88,1,False,https://twitter.com/robertocp/status/1465840143408025600
94,'Consegui comprar meu SuperCoffee com desconto na Black Friday da Caffeine Army! S√≥ falta eu ganhar o sorteio do Iphone 13 agora, vou zerar o jogo kkkk. Se quiser aproveitar, acessa aqui o link: https://t.co/HcCIkgbM2K',0,13634,1,True,https://twitter.com/lojinhadoiphone/status/1465831951508590594
95,'Eu caguei todo meu insta por causa do sorteio, o m√≠nimo √© eu ganhar o iphone',423,415,0,False,https://twitter.com/oianys/status/1465831945980592134
96,'Mano teve sorteio de uma par de coisa no servi√ßo iPhone 11, iPhone 12 Pro Max 256gb e eu ganhei nada ü§°',0,13634,1,True,https://twitter.com/lojinhadoiphone/status/1465824450159558661
97,'Mano teve sorteio de uma par de coisa no servi√ßo iPhone 11, iPhone 12 Pro Max 256gb e eu ganhei nada ü§°',879,941,2,False,https://twitter.com/_MERDeiros/status/1465824428428775437
98,'Acabei de garantir o meu SuperCoffee com desconto na Black Friday da Caffeine Army, t√° muito legal! √â a chance perfeita pra quem quer experimentar o SuperCoffee e ainda concorrer ao Sorteio de Iphone 13 que eles est√£o fazendo! O link aqui pra quem quiser: https://t.co/6IzAaBSOie',0,13634,1,True,https://twitter.com/lojinhadoiphone/status/1465809829998600195
99,'to participando de um sorteio de iphone , tomara q eu ganhe KKKKKKKK',71,33,0,False,https://twitter.com/sx_aninhaa/status/1465802120280608771
100,'@MateusOrlando95 √â pobre! O cara f√£, sorteio de iPhone no insta e tu achando que ele √©  rico???? Hahahha',1139,439,0,False,https://twitter.com/CSMelissa/status/1465793635019116551
101,'Acabei de garantir o meu SuperCoffee com desconto na Black Friday da Caffeine Army, t√° muito legal! √â a chance perfeita pra quem quer experimentar o SuperCoffee e ainda concorrer ao Sorteio de Iphone 13 que eles est√£o fazendo! O link aqui pra quem quiser: https://t.co/uhBpCQPQ7h',0,13634,1,True,https://twitter.com/lojinhadoiphone/status/1465790863334903811
102,'Acabei de garantir o meu SuperCoffee com desconto na Black Friday da Caffeine Army, t√° muito legal! √â a chance perfeita pra quem quer experimentar o SuperCoffee e ainda concorrer ao Sorteio de Iphone 13 que eles est√£o fazendo! O link aqui pra quem quiser: https://t.co/uhBpCQPQ7h',122,32,1,False,https://twitter.com/liliamsampaio/status/1465790841474195462
103,'Acabei de garantir o meu SuperCoffee com desconto na Black Friday da Caffeine Army, t√° muito legal! √â a chance perfeita pra quem quer experimentar o SuperCoffee e ainda concorrer ao Sorteio de Iphone 13 que eles est√£o fazendo! O link aqui pra quem quiser: https://t.co/CaL42Ik5Sw',553,232,0,False,https://twitter.com/danikbeck/status/1465790558128029696
104,'Consegui comprar meu SuperCoffee com desconto na Black Friday da Caffeine Army! S√≥ falta eu ganhar o sorteio do Iphone 13 agora, vou zerar o jogo kkkk. Se quiser aproveitar, acessa aqui o link: https://t.co/xkfhOHaj4R',367,530,0,False,https://twitter.com/MarciioSouza_/status/1465785533863497740
105,'Corre Galera! √öltimo dia pra trocar seus pontos por cupom do sorteio do iphone (04/12)!! https://t.co/X2SHk0aW0K',0,13634,1,True,https://twitter.com/lojinhadoiphone/status/1465755392252723211
106,'Corre Galera! √öltimo dia pra trocar seus pontos por cupom do sorteio do iphone (04/12)!! https://t.co/X2SHk0aW0K',1019,7367,3,False,https://twitter.com/Big__Tester/status/1465755370022916114
107,'Pra quem quer experimentar o SuperCoffee, sugiro aproveitar a Black Friday da Caffeine Army! At√© 25% de desconto, brindes da marca e ainda participa do sorteio de Iphone 13 que eles est√£o fazendo. Acabei de garantir minha participa√ß√£o! Acessa aqui pra ver: https://t.co/NYKOZZsGQK',0,13634,1,True,https://twitter.com/lojinhadoiphone/status/1465747943529529346
108,'Pra quem quer experimentar o SuperCoffee, sugiro aproveitar a Black Friday da Caffeine Army! At√© 25% de desconto, brindes da marca e ainda participa do sorteio de Iphone 13 que eles est√£o fazendo. Acabei de garantir minha participa√ß√£o! Acessa aqui pra ver: https://t.co/NYKOZZsGQK',94,18,2,False,https://twitter.com/lisicruxen/status/1465747921526308874
109,'Acabei de garantir o meu SuperCoffee com desconto na Black Friday da Caffeine Army, t√° muito legal! √â a chance perfeita pra quem quer experimentar o SuperCoffee e ainda concorrer ao Sorteio de Iphone 13 que eles est√£o fazendo! O link aqui pra quem quiser: https://t.co/C6bji4Aag7',0,13634,1,True,https://twitter.com/lojinhadoiphone/status/1465741696222871556
110,'Acabei de garantir o meu SuperCoffee com desconto na Black Friday da Caffeine Army, t√° muito legal! √â a chance perfeita pra quem quer experimentar o SuperCoffee e ainda concorrer ao Sorteio de Iphone 13 que eles est√£o fazendo! O link aqui pra quem quiser: https://t.co/C6bji4Aag7',234,93,2,False,https://twitter.com/saranetto/status/1465741674412486659
111,'Consegui comprar meu SuperCoffee com desconto na Black Friday da Caffeine Army! S√≥ falta eu ganhar o sorteio do Iphone 13 agora, vou zerar o jogo kkkk. Se quiser aproveitar, acessa aqui o link: https://t.co/7YLscnx9Up',0,13634,1,True,https://twitter.com/lojinhadoiphone/status/1465726281362857990
112,'O game s√≥ acaba quando termina. U√©... Pera a√≠! üéÆüöÄ Ent√£o, corre que a promo D√° Play no Digio TERMINA HOJE üò≤ Use seu Digio e concorra ao √öLTIMO sorteio de R$ 50 mil + megapr√™mios, como Xbox e iPhone + dois pr√™mios de R$ 200 ü§ë Cadastre-se gr√°tis em https://t.co/oVmcbP46y3 üß®‚ñ∂Ô∏è https://t.co/3XTXbkIkPj',0,13634,1,True,https://twitter.com/lojinhadoiphone/status/1465720513095946243
113,'O game s√≥ acaba quando termina. U√©... Pera a√≠! üéÆüöÄ Ent√£o, corre que a promo D√° Play no Digio TERMINA HOJE üò≤ Use seu Digio e concorra ao √öLTIMO sorteio de R$ 50 mil + megapr√™mios, como Xbox e iPhone + dois pr√™mios de R$ 200 ü§ë Cadastre-se gr√°tis em https://t.co/oVmcbP46y3 üß®‚ñ∂Ô∏è https://t.co/3XTXbkIkPj',5,29305,7,False,https://twitter.com/meudigio/status/1465720490660618248
114,'"Marquei um sorteio d um iPhone 13, mas foi em cima da hora, por isso que s√≥ os meus primos participaram"Engra√ßado ela falar que "se for para anular, tem que anular outras coisas no munic√≠pio". O famoso "E O PT?"(nessa situa√ß√£o, eu tor√ßo p a briga)https://t.co/GjNOaRopur',0,13634,1,True,https://twitter.com/lojinhadoiphone/status/1465710347969445894
115,'"Marquei um sorteio d um iPhone 13, mas foi em cima da hora, por isso que s√≥ os meus primos participaram"Engra√ßado ela falar que "se for para anular, tem que anular outras coisas no munic√≠pio". O famoso "E O PT?"(nessa situa√ß√£o, eu tor√ßo p a briga)https://t.co/GjNOaRopur',177,72,2,False,https://twitter.com/PatriottaFake/status/1465710325819318275
116,'Consegui comprar meu SuperCoffee com desconto na Black Friday da Caffeine Army! S√≥ falta eu ganhar o sorteio do Iphone 13 agora, vou zerar o jogo kkkk. Se quiser aproveitar, acessa aqui o link: https://t.co/vN8hkRVzmK',0,13634,1,True,https://twitter.com/lojinhadoiphone/status/1465706905771274247
117,'Estou me tornando um Julio, viciada em comprar rifa, hoje j√° comprei dois n√∫meros do sorteio de um iPhone',0,13634,1,True,https://twitter.com/lojinhadoiphone/status/1465691990524248064
118,'Estou me tornando um Julio, viciada em comprar rifa, hoje j√° comprei dois n√∫meros do sorteio de um iPhone',657,587,2,False,https://twitter.com/santostalissa96/status/1465691968697036813
119,'deus tem que me dar muita paci√™ncia pra aturar essa gente me marcando em sorteio de iphone',1325,1564,0,False,https://twitter.com/dudizlima/status/1465691674550493187
120,'Acabei de garantir o meu SuperCoffee com desconto na Black Friday da Caffeine Army, t√° muito legal! √â a chance perfeita pra quem quer experimentar o SuperCoffee e ainda concorrer ao Sorteio de Iphone 13 que eles est√£o fazendo! O link aqui pra quem quiser: https://t.co/1vJ4FGuWkp',46,12,2,False,https://twitter.com/RobCardSurf/status/1465688007365824520
121,'Acabei de garantir o meu SuperCoffee com desconto na Black Friday da Caffeine Army, t√° muito legal! √â a chance perfeita pra quem quer experimentar o SuperCoffee e ainda concorrer ao Sorteio de Iphone 13 que eles est√£o fazendo! O link aqui pra quem quiser: https://t.co/ReSz6gpge6',0,13634,1,True,https://twitter.com/lojinhadoiphone/status/1465687039907708928
122,'Acabei de garantir o meu SuperCoffee com desconto na Black Friday da Caffeine Army, t√° muito legal! √â a chance perfeita pra quem quer experimentar o SuperCoffee e ainda concorrer ao Sorteio de Iphone 13 que eles est√£o fazendo! O link aqui pra quem quiser: https://t.co/ReSz6gpge6',160,48,2,False,https://twitter.com/eunicececatto/status/1465687018038603784
123,'Acabei de garantir o meu SuperCoffee com desconto na Black Friday da Caffeine Army, t√° muito legal! √â a chance perfeita pra quem quer experimentar o SuperCoffee e ainda concorrer ao Sorteio de Iphone 13 que eles est√£o fazendo! O link aqui pra quem quiser: https://t.co/skvroRnQuM',0,13634,1,True,https://twitter.com/lojinhadoiphone/status/1465668657686659080
124,'Pra quem quer experimentar o SuperCoffee, sugiro aproveitar a Black Friday da Caffeine Army! At√© 25% de desconto, brindes da marca e ainda participa do sorteio de Iphone 13 que eles est√£o fazendo. Acabei de garantir minha participa√ß√£o! Acessa aqui pra ver: https://t.co/6ofKTpC8wB',0,13634,1,True,https://twitter.com/lojinhadoiphone/status/1465666527416434699
125,'Pra quem quer experimentar o SuperCoffee, sugiro aproveitar a Black Friday da Caffeine Army! At√© 25% de desconto, brindes da marca e ainda participa do sorteio de Iphone 13 que eles est√£o fazendo. Acabei de garantir minha participa√ß√£o! Acessa aqui pra ver: https://t.co/6ofKTpC8wB',208,88,3,False,https://twitter.com/teu_amancio/status/1465666505585143812
126,'Pessoas normais recebem mensagem de que ganharam iPhone num sorteio que nunca participaram, eu recebo mensagem dizendo que ganhei panetones....S√©rio mano',0,13634,1,True,https://twitter.com/lojinhadoiphone/status/1465663848896253960
127,'Pessoas normais recebem mensagem de que ganharam iPhone num sorteio que nunca participaram, eu recebo mensagem dizendo que ganhei panetones....S√©rio mano',2936,3038,1,False,https://twitter.com/autisticjaguar/status/1465663827224182787
128,'Pra quem quer experimentar o SuperCoffee, sugiro aproveitar a Black Friday da Caffeine Army! At√© 25% de desconto, brindes da marca e ainda participa do sorteio de Iphone 13 que eles est√£o fazendo. Acabei de garantir minha participa√ß√£o! Acessa aqui pra ver: https://t.co/jImF2sTppI',0,13634,1,True,https://twitter.com/lojinhadoiphone/status/1465659062121549832
129,'Pra quem quer experimentar o SuperCoffee, sugiro aproveitar a Black Friday da Caffeine Army! At√© 25% de desconto, brindes da marca e ainda participa do sorteio de Iphone 13 que eles est√£o fazendo. Acabei de garantir minha participa√ß√£o! Acessa aqui pra ver: https://t.co/jImF2sTppI',105,272,1,False,https://twitter.com/LucasPicueta/status/1465659040281808899
130,'üèçüèç O sorteio ser√° ao vivo em nosso Instagram √†s 17h. E o prazo para voc√™ que ainda n√£o baixou o App no celular fazer isso √© de at√© as 14h. REGULAMENTO: https://t.co/ea4Ip42U2ADownload:Iphone: https://t.co/81JqWsdpiMAndroid: https://t.co/ZmV2vBWaFR#SomosCoop https://t.co/oMYOkEPoWL',0,13634,1,True,https://twitter.com/lojinhadoiphone/status/1465647315260256261
131,'üèçüèç O sorteio ser√° ao vivo em nosso Instagram √†s 17h. E o prazo para voc√™ que ainda n√£o baixou o App no celular fazer isso √© de at√© as 14h. REGULAMENTO: https://t.co/ea4Ip42U2ADownload:Iphone: https://t.co/81JqWsdpiMAndroid: https://t.co/ZmV2vBWaFR#SomosCoop https://t.co/oMYOkEPoWL',12,849,1,False,https://twitter.com/coocafebr/status/1465647292803911691
132,'Consegui comprar meu SuperCoffee com desconto na Black Friday da Caffeine Army! S√≥ falta eu ganhar o sorteio do Iphone 13 agora, vou zerar o jogo kkkk. Se quiser aproveitar, acessa aqui o link: https://t.co/s62pMhDB2N',0,13634,1,True,https://twitter.com/lojinhadoiphone/status/1465633973535752194
133,'Consegui comprar meu SuperCoffee com desconto na Black Friday da Caffeine Army! S√≥ falta eu ganhar o sorteio do Iphone 13 agora, vou zerar o jogo kkkk. Se quiser aproveitar, acessa aqui o link: https://t.co/s62pMhDB2N',102,97,1,False,https://twitter.com/renata_delima/status/1465633951737856006
134,'At√© hoje eu n√£o entendo porque uma jovem fez uma rifa para obter o dinheiro e fazer um exame do seu filho, e logo ap√≥s o sorteio ela apareceu com um iPhone 11 pro Max e passando o final de semana em um resort no Cear√°.',231,110,2,False,https://twitter.com/HudsonKleuton/status/1465631541120356354
135,'Sorteio de iPhone 13 √© o crl, eu quero √© sorteio de ar condicionado!!! ü•µ',359,494,0,False,https://twitter.com/AleOconner0729/status/1465627316571316224
136,'Consegui comprar meu SuperCoffee com desconto na Black Friday da Caffeine Army! S√≥ falta eu ganhar o sorteio do Iphone 13 agora, vou zerar o jogo kkkk. Se quiser aproveitar, acessa aqui o link: https://t.co/Nr4yqSykLs',0,13634,1,True,https://twitter.com/lojinhadoiphone/status/1465539314176167936
137,'N√£o faz sorteio de um IPhone... daqui a pouco ningu√©m lembra dela coitada. Ela tem que ir pro BBB logo https://t.co/YBppuQwLAF',556,172,8,True,https://twitter.com/lorby_lost/status/1465534950975971329
138,'Sobre o sorteio: o ADM (Twitter for iPhone, √≥bvio) esqueceu que o sorteio tava rolando e por isso o ganhador ainda n√£o foi anunciado.At√© amanh√£, sem falta, soltamos quem vai levar o manto! https://t.co/9ETwmaJwVP',131,104,1,True,https://twitter.com/Isabell95259292/status/1465529829751668741
139,'Acabei de garantir o meu SuperCoffee com desconto na Black Friday da Caffeine Army, t√° muito legal! √â a chance perfeita pra quem quer experimentar o SuperCoffee e ainda concorrer ao Sorteio de Iphone 13 que eles est√£o fazendo! O link aqui pra quem quiser: https://t.co/c16g7Pq5h7',317,70,1,False,https://twitter.com/anatolyfelipe/status/1465526148658565121
140,'Sobre o sorteio: o ADM (Twitter for iPhone, √≥bvio) esqueceu que o sorteio tava rolando e por isso o ganhador ainda n√£o foi anunciado.At√© amanh√£, sem falta, soltamos quem vai levar o manto! https://t.co/9ETwmaJwVP',540,161537,60,False,https://twitter.com/_sccpnews/status/1465516588967284739
141,'cheguei num ponto de querer participar de qualquer sorteio d iphone xr to ficando doida j√°',116,112,0,False,https://twitter.com/hakkai666/status/1465515817538408454
142,'No pr√≥ximo bloco,o estresse. Mas antes,tem o sorteio do Mundo Record de Pr√™mios,valendo um IPhone 12.#ProvaDeFogo',0,13634,1,True,https://twitter.com/lojinhadoiphone/status/1465511666754506760
143,'No pr√≥ximo bloco,o estresse. Mas antes,tem o sorteio do Mundo Record de Pr√™mios,valendo um IPhone 12.#ProvaDeFogo',2771,14,4,False,https://twitter.com/gilmarsobral21/status/1465511645266989066
144,'Cara, entrei no perfil da mulher q ganhou o sorteio do iPhone, e ela tem dois destaque gigante s√≥ com publica√ß√£o de sorteio q ela j√° ganhou, porra vai toma no cu, ou √© muito larga ou √© macumba',0,13634,1,True,https://twitter.com/lojinhadoiphone/status/1465507593418428416
145,'Cara, entrei no perfil da mulher q ganhou o sorteio do iPhone, e ela tem dois destaque gigante s√≥ com publica√ß√£o de sorteio q ela j√° ganhou, porra vai toma no cu, ou √© muito larga ou √© macumba',536,637,4,False,https://twitter.com/joaoribeiro76/status/1465507571847077893
146,'Querendo fazer um sorteio aquiüòèü§îIphone üì≤ ?Kit lalaüêä ?Camisa de time üáµüá™ ?ü§îü§î',294,213,2,True,https://twitter.com/DcStorch/status/1465479052869971972
147,'Querendo fazer um sorteio aquiüòèü§îIphone üì≤ ?Kit lalaüêä ?Camisa de time üáµüá™ ?ü§îü§î',0,13634,2,True,https://twitter.com/lojinhadoiphone/status/1465478349850132481
148,'Querendo fazer um sorteio aquiüòèü§îIphone üì≤ ?Kit lalaüêä ?Camisa de time üáµüá™ ?ü§îü§î',1626,1797,10,False,https://twitter.com/Evinh00/status/1465478328350089216
149,'Kkkkkkk ou gente a prova da menina a conversa dela com o Pedro racista no IG.. kkkk tenta outra vez! Ou eu tamb√©m vou trazer a prova da ladra de chipas se humilhado pra fazer sorteio de iPhone para ganhar seguidores. https://t.co/OdrkIfQiGP',0,13634,1,True,https://twitter.com/lojinhadoiphone/status/1465474304343171075
150,'Kkkkkkk ou gente a prova da menina a conversa dela com o Pedro racista no IG.. kkkk tenta outra vez! Ou eu tamb√©m vou trazer a prova da ladra de chipas se humilhado pra fazer sorteio de iPhone para ganhar seguidores. https://t.co/OdrkIfQiGP',95,89,6,False,https://twitter.com/MaripalDm/status/1465474282683834370
151,'Brenno t√° doido pra ganhar um iPhone sorteio kkkkkkk pqp',0,13634,1,True,https://twitter.com/lojinhadoiphone/status/1465472964695105536
152,'Brenno t√° doido pra ganhar um iPhone sorteio kkkkkkk pqp',263,313,1,False,https://twitter.com/DigolAlves/status/1465472943014694917
153,'sorteio do iphone https://t.co/KrEtSV8AIW',218,151,2,True,https://twitter.com/emyyxx7/status/1465470606342856704
154,'sorteio do iphone https://t.co/KrEtSV8AIW',0,13634,2,True,https://twitter.com/lojinhadoiphone/status/1465470572717125641
155,'sorteio do iphone https://t.co/KrEtSV8AIW',784,195,7,False,https://twitter.com/g_ramoss11/status/1465470551162597384
156,'Lembra da promo√ß√£o de black friday da EstrelaBet, valendo um iPhone por R$26,11 ? O sorteio foi hoje e o JAAPA01 levou.Sortudo, hein? üî•Corram l√° no Twitter da @EstrelaBet para n√£o perderam as pr√≥xima promo√ß√µes! üåü https://t.co/YryD3su7Nl',0,13634,1,True,https://twitter.com/lojinhadoiphone/status/1465469019461459969
157,'Lembra da promo√ß√£o de black friday da EstrelaBet, valendo um iPhone por R$26,11 ? O sorteio foi hoje e o JAAPA01 levou.Sortudo, hein? üî•Corram l√° no Twitter da @EstrelaBet para n√£o perderam as pr√≥xima promo√ß√µes! üåü https://t.co/YryD3su7Nl',4946,10388,7,False,https://twitter.com/VaiFalaGlorioso/status/1465468997433016321
158,'Acabei de garantir o meu SuperCoffee com desconto na Black Friday da Caffeine Army, t√° muito legal! √â a chance perfeita pra quem quer experimentar o SuperCoffee e ainda concorrer ao Sorteio de Iphone 13 que eles est√£o fazendo! O link aqui pra quem quiser: https://t.co/hNBNsmw3bc',0,13634,1,True,https://twitter.com/lojinhadoiphone/status/1465464088113434624
159,'Acabei de garantir o meu SuperCoffee com desconto na Black Friday da Caffeine Army, t√° muito legal! √â a chance perfeita pra quem quer experimentar o SuperCoffee e ainda concorrer ao Sorteio de Iphone 13 que eles est√£o fazendo! O link aqui pra quem quiser: https://t.co/hNBNsmw3bc',0,0,2,False,https://twitter.com/SibeliCristine/status/1465464066273648640
160,'@thhioliveira vai viajar, e marcar tr√™s pessoas no sorteio de iPhone no insta, problema resolvido',1625,1799,1,False,https://twitter.com/tainarasantosof/status/1465454475708092423
161,'Part√≠cipe do Sorteio de 2x iPhones 13 Pro!!üíô Like &amp; RTüìå Marque os amigosüéÅ 2x iPhone 13 Pro https://t.co/d6qaqGRPEb#iPhone13Pro #Giveaways #Apple #Sorteio #iPhone13 #SORTEO #iPhone https://t.co/c7FGrfsTFN',24,1,5,True,https://twitter.com/proxy828282828/status/1465447522231590917
162,'@sspymaster hora da gest√£o do liam fazer uns sorteio de iPhone com bancada de make',377,1285,1,False,https://twitter.com/sherlockds/status/1465445708312502275
163,'Part√≠cipe do Sorteio de 2x iPhones 13 Pro!!üíô Like &amp; RTüìå Marque os amigosüéÅ 2x iPhone 13 Pro https://t.co/d6qaqGRPEb#iPhone13Pro #Giveaways #Apple #Sorteio #iPhone13 #SORTEO #iPhone https://t.co/c7FGrfsTFN',9,16,5,True,https://twitter.com/worldwidesgamin/status/1465443047701950466
164,'Part√≠cipe do Sorteio de 2x iPhones 13 Pro!!üíô Like &amp; RTüìå Marque os amigosüéÅ 2x iPhone 13 Pro https://t.co/d6qaqGRPEb#iPhone13Pro #Giveaways #Apple #Sorteio #iPhone13 #SORTEO #iPhone https://t.co/c7FGrfsTFN',0,13634,5,True,https://twitter.com/lojinhadoiphone/status/1465443011874152451
165,'Part√≠cipe do Sorteio de 2x iPhones 13 Pro!!üíô Like &amp; RTüìå Marque os amigosüéÅ 2x iPhone 13 Pro https://t.co/d6qaqGRPEb#iPhone13Pro #Giveaways #Apple #Sorteio #iPhone13 #SORTEO #iPhone https://t.co/c7FGrfsTFN',3,8569,15,False,https://twitter.com/GleamSorteios/status/1465442989896085506
166,'Fumar maconha at√© chegar a esse n√≠vel kkkkkkkk agora cala a boca e vai participar dos sorteio de iPhone https://t.co/WvGj5ahqjb',0,13634,2,True,https://twitter.com/lojinhadoiphone/status/1465442307499601925
167,'Fumar maconha at√© chegar a esse n√≠vel kkkkkkkk agora cala a boca e vai participar dos sorteio de iPhone https://t.co/WvGj5ahqjb',0,24209,2,True,https://twitter.com/xaconha/status/1465442307491221512
168,'Fumar maconha at√© chegar a esse n√≠vel kkkkkkkk agora cala a boca e vai participar dos sorteio de iPhone https://t.co/WvGj5ahqjb',918,1055,14,False,https://twitter.com/fm_ducinha/status/1465442285705957378
169,'Vish vou come√ßa a participar de sorteio de iPhone necessito ficar bonito com aquela c√¢mera.',0,13634,1,True,https://twitter.com/lojinhadoiphone/status/1465437803487973380
170,'Vish vou come√ßa a participar de sorteio de iPhone necessito ficar bonito com aquela c√¢mera.',119,82,2,False,https://twitter.com/_weshx/status/1465437781908496389
171,'ANAHI FAZ UM SORTEIO DE IPHONE PQ MEU CELULAR N√ÉO PARA DE TRAVAR POR SUA CULPAAAA',0,13634,1,True,https://twitter.com/lojinhadoiphone/status/1465424204661207051
172,'ANAHI FAZ UM SORTEIO DE IPHONE PQ MEU CELULAR N√ÉO PARA DE TRAVAR POR SUA CULPAAAA',1596,2779,1,False,https://twitter.com/cutebutaya/status/1465424182905294853
173,'@DezLukas Sorteio de iphone 13 que borra tudo atras',447,65508,1,False,https://twitter.com/loud_Liz1/status/1465413480949985284
174,'Acabei de garantir o meu SuperCoffee com desconto na Black Friday da Caffeine Army, t√° muito legal! √â a chance perfeita pra quem quer experimentar o SuperCoffee e ainda concorrer ao Sorteio de Iphone 13 que eles est√£o fazendo! O link aqui pra quem quiser: https://t.co/MOrO41X1VF',0,13634,1,True,https://twitter.com/lojinhadoiphone/status/1465392849164382217
175,'Acabei de garantir o meu SuperCoffee com desconto na Black Friday da Caffeine Army, t√° muito legal! √â a chance perfeita pra quem quer experimentar o SuperCoffee e ainda concorrer ao Sorteio de Iphone 13 que eles est√£o fazendo! O link aqui pra quem quiser: https://t.co/MOrO41X1VF',108,178,1,False,https://twitter.com/whoishenriquexd/status/1465392827274338313
176,'Pra quem quer experimentar o SuperCoffee, sugiro aproveitar a Black Friday da Caffeine Army! At√© 25% de desconto, brindes da marca e ainda participa do sorteio de Iphone 13 que eles est√£o fazendo. Acabei de garantir minha participa√ß√£o! Acessa aqui pra ver: https://t.co/cvua34Xslh',0,13634,1,True,https://twitter.com/lojinhadoiphone/status/1465390670282203148
177,'Pra quem quer experimentar o SuperCoffee, sugiro aproveitar a Black Friday da Caffeine Army! At√© 25% de desconto, brindes da marca e ainda participa do sorteio de Iphone 13 que eles est√£o fazendo. Acabei de garantir minha participa√ß√£o! Acessa aqui pra ver: https://t.co/cvua34Xslh',133,57,2,False,https://twitter.com/mariishort/status/1465390648442433544
178,'inscrevendo minhas amigas num sorteio de iphone aki https://t.co/zuNOhrDxgI',0,13634,1,True,https://twitter.com/lojinhadoiphone/status/1465382867194859524
179,'inscrevendo minhas amigas num sorteio de iphone aki https://t.co/zuNOhrDxgI',54,41,1,False,https://twitter.com/domeafeive/status/1465382845279526918
180,'seria mt bom ganhar 1 sorteio de iphone n√©, pena q eu n participo',0,13634,1,True,https://twitter.com/lojinhadoiphone/status/1465379250308014086
181,'seria mt bom ganhar 1 sorteio de iphone n√©, pena q eu n participo',1009,1000,1,False,https://twitter.com/prideji/status/1465379228753534982
182,'Conquiste mais pessoas nas redes sociais! Chegou a hora de dar um UP no seu empreendimento aqui no Instagram. Vem aqui o nosso sorteio de 1 IPhone üì≤Seja um dos patrocinadores. Fale comigo no WhatsApp (99) 99167‚Äë3025',0,13634,1,True,https://twitter.com/lojinhadoiphone/status/1465349958425530377
183,'Conquiste mais pessoas nas redes sociais! Chegou a hora de dar um UP no seu empreendimento aqui no Instagram. Vem aqui o nosso sorteio de 1 IPhone üì≤Seja um dos patrocinadores. Fale comigo no WhatsApp (99) 99167‚Äë3025',13,335,1,False,https://twitter.com/ctadabagaceira/status/1465349936728391683
184,'queria ganhar um sorteio de iPhone 13',820,924,3,True,https://twitter.com/fassini_giselli/status/1465347414253084682
185,'@Joaoguiavila Jo√£o, faz um sorteio de iphone ai macho meu Samsung esta nos √∫ltimos suspiros',147,98,2,False,https://twitter.com/lucasbrasilin0/status/1465342680892854275
186,'queria ganhar um sorteio de iPhone 13',0,13634,3,True,https://twitter.com/lojinhadoiphone/status/1465338108422012935
187,'queria ganhar um sorteio de iPhone 13',301,364,6,False,https://twitter.com/BRpegaall/status/1465338086754291717
188,'Acabei de garantir o meu SuperCoffee com desconto na Black Friday da Caffeine Army, t√° muito legal! √â a chance perfeita pra quem quer experimentar o SuperCoffee e ainda concorrer ao Sorteio de Iphone 13 que eles est√£o fazendo! O link aqui pra quem quiser: https://t.co/goE1cSHXHv',0,13634,1,True,https://twitter.com/lojinhadoiphone/status/1465331313720889363
189,'Acabei de garantir o meu SuperCoffee com desconto na Black Friday da Caffeine Army, t√° muito legal! √â a chance perfeita pra quem quer experimentar o SuperCoffee e ainda concorrer ao Sorteio de Iphone 13 que eles est√£o fazendo! O link aqui pra quem quiser: https://t.co/goE1cSHXHv',141,118,2,False,https://twitter.com/JadeZC/status/1465331291851825165
190,'@EstrelaBet ADM,j√° ocorreu o sorteio do iPhone?',181,4,1,False,https://twitter.com/NathanGames081/status/1465313639230058502
191,'Acabei de garantir o meu SuperCoffee com desconto na Black Friday da Caffeine Army, t√° muito legal! √â a chance perfeita pra quem quer experimentar o SuperCoffee e ainda concorrer ao Sorteio de Iphone 13 que eles est√£o fazendo! O link aqui pra quem quiser: https://t.co/SeMhxPMnW9',0,13634,1,True,https://twitter.com/lojinhadoiphone/status/1465312574346514433
192,'Acabei de garantir o meu SuperCoffee com desconto na Black Friday da Caffeine Army, t√° muito legal! √â a chance perfeita pra quem quer experimentar o SuperCoffee e ainda concorrer ao Sorteio de Iphone 13 que eles est√£o fazendo! O link aqui pra quem quiser: https://t.co/SeMhxPMnW9',344,267,2,False,https://twitter.com/viniciusxiru/status/1465312552406163456
193,'Consegui comprar meu SuperCoffee com desconto na Black Friday da Caffeine Army! S√≥ falta eu ganhar o sorteio do Iphone 13 agora, vou zerar o jogo kkkk. Se quiser aproveitar, acessa aqui o link: https://t.co/ad76Y0XrG6',101,77,1,False,https://twitter.com/fabio_tatui/status/1465304239815770118
194,'Acabei de garantir o meu SuperCoffee com desconto na Black Friday da Caffeine Army, t√° muito legal! √â a chance perfeita pra quem quer experimentar o SuperCoffee e ainda concorrer ao Sorteio de Iphone 13 que eles est√£o fazendo! O link aqui pra quem quiser: https://t.co/MkDYYkQBv8',0,13634,1,True,https://twitter.com/lojinhadoiphone/status/1465257309223931907
195,'Acabei de garantir o meu SuperCoffee com desconto na Black Friday da Caffeine Army, t√° muito legal! √â a chance perfeita pra quem quer experimentar o SuperCoffee e ainda concorrer ao Sorteio de Iphone 13 que eles est√£o fazendo! O link aqui pra quem quiser: https://t.co/MkDYYkQBv8',207,538,2,False,https://twitter.com/carolgarciabjs/status/1465257287510114308
196,'google pesquisar: como ganhar um sorteio de um iphone 11?',667,233,4,False,https://twitter.com/ttdacamillinhaa/status/1465175968859971594
197,'Eu lembro que quando ela saiu os cactos "n√£o deixa ela fazer harmoniza√ß√£o e nem sorteio de iPhone" a maior preocupa√ß√£o do fandom era essa bons tempos KKKKK https://t.co/wGzSkImZ3W',0,13634,1,True,https://twitter.com/lojinhadoiphone/status/1465162978496557056
198,'Eu lembro que quando ela saiu os cactos "n√£o deixa ela fazer harmoniza√ß√£o e nem sorteio de iPhone" a maior preocupa√ß√£o do fandom era essa bons tempos KKKKK https://t.co/wGzSkImZ3W',1471,1076,6,False,https://twitter.com/VixeLoma/status/1465162956761702404
199,'Eu n√£o ganhei um iPhone 7 no sorteio n√£o n√© ??? Kkküòçüòç',0,13634,1,True,https://twitter.com/lojinhadoiphone/status/1465159303782879232
200,'Eu n√£o ganhei um iPhone 7 no sorteio n√£o n√© ??? Kkküòçüòç',163,36,3,False,https://twitter.com/eunigga09/status/1465159282194792449
201,'Consegui comprar meu SuperCoffee com desconto na Black Friday da Caffeine Army! S√≥ falta eu ganhar o sorteio do Iphone 13 agora, vou zerar o jogo kkkk. Se quiser aproveitar, acessa aqui o link: https://t.co/XzakeK36Yx',0,13634,1,True,https://twitter.com/lojinhadoiphone/status/1465155751048056836
202,'Consegui comprar meu SuperCoffee com desconto na Black Friday da Caffeine Army! S√≥ falta eu ganhar o sorteio do Iphone 13 agora, vou zerar o jogo kkkk. Se quiser aproveitar, acessa aqui o link: https://t.co/XzakeK36Yx',94,85,2,False,https://twitter.com/mfernandalessa/status/1465155729308925955
203,'ganhei uma pizza ontem em um sorteio do trabalho, meu pai liga agora contando que ganhou um iphone numa rifa... cada um com sua sorte',0,13634,1,True,https://twitter.com/lojinhadoiphone/status/1465134953298079754
204,'ganhei uma pizza ontem em um sorteio do trabalho, meu pai liga agora contando que ganhou um iphone numa rifa... cada um com sua sorte',440,536,6,False,https://twitter.com/ellenchagasg/status/1465134931714183170
205,'Acabamos de liberar um iPhone 7 para o sorteio no APAIXONA TBK üéÆüöÄüíú com a gente √© papoco do papoque üòÇ',0,13634,1,True,https://twitter.com/lojinhadoiphone/status/1465133817434411014
206,'Acabamos de liberar um iPhone 7 para o sorteio no APAIXONA TBK üéÆüöÄüíú com a gente √© papoco do papoque üòÇ',2981,2312,9,False,https://twitter.com/daniloolm/status/1465133795791843328
207,'Dando a vida no sorteio do iPhone 12 da CellPlace',15,14,0,False,https://twitter.com/luizadallacort/status/1465105213480652804
208,'sorteio de iPhone que √© bom nada agora sorteio p apresentar trabalho √© cmg',0,13634,1,True,https://twitter.com/lojinhadoiphone/status/1465096439713914883
209,'sorteio de iPhone que √© bom nada agora sorteio p apresentar trabalho √© cmg',62,45,6,False,https://twitter.com/chrismaia8/status/1465096418176163841
210,'Pra quem quer experimentar o SuperCoffee, sugiro aproveitar a Black Friday da Caffeine Army! At√© 25% de desconto, brindes da marca e ainda participa do sorteio de Iphone 13 que eles est√£o fazendo. Acabei de garantir minha participa√ß√£o! Acessa aqui pra ver: https://t.co/n9ejlFyoaa',0,13634,1,True,https://twitter.com/lojinhadoiphone/status/1465075166015279123
211,'Pra quem quer experimentar o SuperCoffee, sugiro aproveitar a Black Friday da Caffeine Army! At√© 25% de desconto, brindes da marca e ainda participa do sorteio de Iphone 13 que eles est√£o fazendo. Acabei de garantir minha participa√ß√£o! Acessa aqui pra ver: https://t.co/n9ejlFyoaa',502,215,1,False,https://twitter.com/ARMYEloElb/status/1465075144146272256
212,'hj em dia t√° tudo mt diferente. n√£o acham? vejam os padres. padres dan√ßando no tiktok padres fazendo sorteio de iPhone no insta padre DJ e padre doutores. tem at√© app de padre e padre gourmet. aonde √© que vamos parar com essa epidemia de padres? eu nunca vi tanto padre procriando',432,503,7,False,https://twitter.com/VPezinho/status/1465073216813158403
213,'algum sorteio de iphone pra eu participar??',55,30,0,False,https://twitter.com/nqtwlia/status/1465064953208004611
214,'Pessoa do tinder - "acho muita loucura tu acreditar em et"Eu - bah guria tem gente que acredita no bolsonaro, sorteio de iphone do Facebook e frase motivacional do tik tok!Ganhei desmatchüòÇ',124,184,1,False,https://twitter.com/martineztwittou/status/1465014517901975562
215,'Tava tranquilo agr, do nada lembrei de quando ganhei o sorteio do iPhone XR do dfideliz mas n√£o estava  seguindo uma pessoa ü§°',0,13634,1,True,https://twitter.com/lojinhadoiphone/status/1465009050438021122
216,'Tava tranquilo agr, do nada lembrei de quando ganhei o sorteio do iPhone XR do dfideliz mas n√£o estava  seguindo uma pessoa ü§°',72,93,2,False,https://twitter.com/biyel_zn/status/1465009028564725763
217,'@floplatina @popotany Pelo menos ela ganha iPhone e n√£o sinta podre que nem da resultados kkkkkkkkkkkk vdd, a dirci tem relev√¢ncia nem pra fazer sorteio',547,321,1,False,https://twitter.com/Anymal_AM_AF/status/1464994765678825474
218,'Aham a Dulce √© muito pobre mesmo kkkkk kkkkk mas quem anda fazendo sorteio de iPhone √© tua fav https://t.co/Ose4DLwnLA',650,1317,1,False,https://twitter.com/pimentinha_flor/status/1464990960392314881
219,'ajudei um mo√ßo a bater meta de sorteio de iPhone de nd mo√ßo ajudei pq vc era gatinho(pelo menos de m√°scara c√™ e',1318,1101,1,False,https://twitter.com/alluwra/status/1464977010053296135
220,'@defforelsket @ATEEZofficial JULIA PARA COM ISSO ELES SAO RICOS SIM, ELES FAZEM AT√â SORTEIO DE IPHONE!!! üò≠',713,470,0,False,https://twitter.com/i4woosang/status/1464974054176210959
221,'Part√≠cipe do Sorteio de um iPhone 13 Pro, Galaxy Z Flip 3, Galaxy Tab S7 e muito mais!üíô Like &amp; RTüìå Marque os amigosüéÅ IPhone 13, Z Flip 3, Tab S7 https://t.co/yR9thNtVZ6#iPhone13 #GalaxyZFlip3 #Giveaway #GalaxyTabS7 #Sorteio #Apple #sorteos #iPhone https://t.co/UqruaskGpz',13,0,2,True,https://twitter.com/Nicolascadizin/status/1464969439632314377
222,'Consegui comprar meu SuperCoffee com desconto na Black Friday da Caffeine Army! S√≥ falta eu ganhar o sorteio do Iphone 13 agora, vou zerar o jogo kkkk. Se quiser aproveitar, acessa aqui o link: https://t.co/33rzKMAmhM',0,13634,1,True,https://twitter.com/lojinhadoiphone/status/1464963176701771785
223,'Consegui comprar meu SuperCoffee com desconto na Black Friday da Caffeine Army! S√≥ falta eu ganhar o sorteio do Iphone 13 agora, vou zerar o jogo kkkk. Se quiser aproveitar, acessa aqui o link: https://t.co/33rzKMAmhM',40,432,1,False,https://twitter.com/DanielDutra/status/1464963154786590729
224,'Pra quem quer experimentar o SuperCoffee, sugiro aproveitar a Black Friday da Caffeine Army! At√© 25% de desconto, brindes da marca e ainda participa do sorteio de Iphone 13 que eles est√£o fazendo. Acabei de garantir minha participa√ß√£o! Acessa aqui pra ver: https://t.co/5I0xX9Q3UC',0,13634,1,True,https://twitter.com/lojinhadoiphone/status/1464941053912494082
225,'Acabei de garantir o meu SuperCoffee com desconto na Black Friday da Caffeine Army, t√° muito legal! √â a chance perfeita pra quem quer experimentar o SuperCoffee e ainda concorrer ao Sorteio de Iphone 13 que eles est√£o fazendo! O link aqui pra quem quiser: https://t.co/Tczj995WHG',177,453,0,False,https://twitter.com/drikapamplonaa/status/1464937342410674176
226,'minhas leis da atra√ß√£o vao ser pra ganhar sorteio de iPhone',0,13634,1,True,https://twitter.com/lojinhadoiphone/status/1464931697221324800
227,'minhas leis da atra√ß√£o vao ser pra ganhar sorteio de iPhone',118,58,1,False,https://twitter.com/0Teix/status/1464931675666886661
228,'Acabei de garantir o meu SuperCoffee com desconto na Black Friday da Caffeine Army, t√° muito legal! √â a chance perfeita pra quem quer experimentar o SuperCoffee e ainda concorrer ao Sorteio de Iphone 13 que eles est√£o fazendo! O link aqui pra quem quiser: https://t.co/zwx1rtOKfF',45,298,0,False,https://twitter.com/ylinchan/status/1464922708467191815
229,'liam payne fazendo publi de clareador dentalliam payne fazendo sorteio de iphoneliam payne na fazenda',0,13634,1,True,https://twitter.com/lojinhadoiphone/status/1464787931789500418
230,'liam payne fazendo publi de clareador dentalliam payne fazendo sorteio de iphoneliam payne na fazenda',97,52,2,False,https://twitter.com/etbialu/status/1464787909991612417
231,'@danilopacastro No Money Pra comprar um IPhone X, Ent√£o vou esfor√ßar-me pra ganhar o sorteio. talvez essa seja oportunidade de ter um IPhone X.',269,69,0,False,https://twitter.com/cbarroso466/status/1464787473406611457
232,'o sorteio de iphone vem https://t.co/Zliojdz9X8',386,227,0,False,https://twitter.com/jisungpiece/status/1464775968648835073
233,'Enfim sou cliente categoria 3 do norte shopping. Espero ganhar meu iPhone 12 no sorteio ü•∫',459,826,0,False,https://twitter.com/ScholzGoomes/status/1464774742158843910
234,'Oi pessoal vamos ajuda nessa rifa. Desde j√° obrigado a todos.https://t.co/HW8eFc8ECNiPhone 11 Black novo lacrado.@Shibtoken  @sorteio @iphone11 @neymarjr',0,13634,1,True,https://twitter.com/lojinhadoiphone/status/1464765756411887619
235,'Oi pessoal vamos ajuda nessa rifa. Desde j√° obrigado a todos.https://t.co/HW8eFc8ECNiPhone 11 Black novo lacrado.@Shibtoken  @sorteio @iphone11 @neymarjr',20,1,2,False,https://twitter.com/GustavoHalley2/status/1464765734614188036
236,'um space com 55k de gente que merda eh essa ta tendo sorteio de IPhone 13?',0,13634,1,True,https://twitter.com/lojinhadoiphone/status/1464761870687129603
237,'um space com 55k de gente que merda eh essa ta tendo sorteio de IPhone 13?',153,131,2,False,https://twitter.com/juyeoninfetinha/status/1464761849077981193
238,'Acabei de garantir o meu SuperCoffee com desconto na Black Friday da Caffeine Army, t√° muito legal! √â a chance perfeita pra quem quer experimentar o SuperCoffee e ainda concorrer ao Sorteio de Iphone 13 que eles est√£o fazendo! O link aqui pra quem quiser: https://t.co/CWH2EIgeY6',0,13634,1,True,https://twitter.com/lojinhadoiphone/status/1464755219032592400
239,'Part√≠cipe do Sorteio de um iPhone 13 Pro, Galaxy Z Flip 3, Galaxy Tab S7 e muito mais!üíô Like &amp; RTüìå Marque os amigosüéÅ IPhone 13, Z Flip 3, Tab S7 https://t.co/yR9thNtVZ6#iPhone13 #GalaxyZFlip3 #Giveaway #GalaxyTabS7 #Sorteio #Apple #sorteos #iPhone https://t.co/UqruaskGpz',0,13634,2,True,https://twitter.com/lojinhadoiphone/status/1464744595959472138
240,'Part√≠cipe do Sorteio de um iPhone 13 Pro, Galaxy Z Flip 3, Galaxy Tab S7 e muito mais!üíô Like &amp; RTüìå Marque os amigosüéÅ IPhone 13, Z Flip 3, Tab S7 https://t.co/yR9thNtVZ6#iPhone13 #GalaxyZFlip3 #Giveaway #GalaxyTabS7 #Sorteio #Apple #sorteos #iPhone https://t.co/UqruaskGpz',3,8569,10,False,https://twitter.com/GleamSorteios/status/1464744573910011914
241,'Pra quem quer experimentar o SuperCoffee, sugiro aproveitar a Black Friday da Caffeine Army! At√© 25% de desconto, brindes da marca e ainda participa do sorteio de Iphone 13 que eles est√£o fazendo. Acabei de garantir minha participa√ß√£o! Acessa aqui pra ver: https://t.co/7T9F4L7VWC',13,0,1,False,https://twitter.com/Miguel42314250/status/1464718707389784064
242,'Pra quem quer experimentar o SuperCoffee, sugiro aproveitar a Black Friday da Caffeine Army! At√© 25% de desconto, brindes da marca e ainda participa do sorteio de Iphone 13 que eles est√£o fazendo. Acabei de garantir minha participa√ß√£o! Acessa aqui pra ver: https://t.co/wUEChQRRen',0,13634,1,True,https://twitter.com/lojinhadoiphone/status/1464697402594635783
243,'Pra quem quer experimentar o SuperCoffee, sugiro aproveitar a Black Friday da Caffeine Army! At√© 25% de desconto, brindes da marca e ainda participa do sorteio de Iphone 13 que eles est√£o fazendo. Acabei de garantir minha participa√ß√£o! Acessa aqui pra ver: https://t.co/wUEChQRRen',348,560,1,False,https://twitter.com/dzmrtt/status/1464697380843003907
244,'Pra quem quer experimentar o SuperCoffee, sugiro aproveitar a Black Friday da Caffeine Army! At√© 25% de desconto, brindes da marca e ainda participa do sorteio de Iphone 13 que eles est√£o fazendo. Acabei de garantir minha participa√ß√£o! Acessa aqui pra ver: https://t.co/ErZF9p0lZn',0,13634,1,True,https://twitter.com/lojinhadoiphone/status/1464691705748377609
245,'Se t√° ruim pra vc, imagina em quem acredita em sorteio de iPhone no Instagram',0,13634,1,True,https://twitter.com/lojinhadoiphone/status/1464660265199456270
246,'Se t√° ruim pra vc, imagina em quem acredita em sorteio de iPhone no Instagram',281,109,1,False,https://twitter.com/Melancia_docin/status/1464660243653222404
247,'√â dia de compartilhar Walter White cm cancer pra ajudar cm 25 centavos hj √© dia de compartilhar sorteio de iphone 8 marcar o amigo no instagram em foto de promo√ß√£o dia de sdv de trocar elogio de curtir a ultima √© dia de procurar sintoma de doen√ßa no google procurar ++',990,701,0,False,https://twitter.com/jnakayver/status/1464635014059020294
248,'O sorteio do IPhone X vai ser esta semana no meu IG, mais tardar at√© 4a feira. Controlem.',260,12776,2,True,https://twitter.com/kendaz_/status/1464622213894656008
249,'@danilopacastro Quem n√£o conseguir ganhar o sorteio e tem aquele dinheirinho j√° sabe..IPHONES NOVOS NA CAIXA üì¶üì≤ üéÑüéÑüéÑüéÅüéÑüéÑüéÑ Iphone üì≤ X _256GB - 400.000kz Iphoneüì≤ XR _128GB - 450.000kz*IPhoneüì≤ _XS 256Gb 450.000Kz_*IPhone* üì≤ _XS Max 256Gb 520.000kz_ https://t.co/XsEoJA3hQv',383,544,1,True,https://twitter.com/RenaaasM/status/1464601438378680320
250,'@danilopacastro Quem n√£o conseguir ganhar o sorteio e tem aquele dinheirinho j√° sabe..IPHONES NOVOS NA CAIXA üì¶üì≤ üéÑüéÑüéÑüéÅüéÑüéÑüéÑ Iphone üì≤ X _256GB - 400.000kz Iphoneüì≤ XR _128GB - 450.000kz*IPhoneüì≤ _XS 256Gb 450.000Kz_*IPhone* üì≤ _XS Max 256Gb 520.000kz_ https://t.co/XsEoJA3hQv',126,196,5,False,https://twitter.com/eugeniopiloso/status/1464563403029102595
251,'Uma ajuda e mais um respiro para o @eulutopelosanimais üÜò. A @danlexservicos nos presenteou com esse Iphone 13 Pro, para que ganh√°ssemos algum f√¥lego a mais nesse final de ano. Cada n√∫mero apenas 8$ e sorteio j√° para o pr√≥ximo dia 08/12! https://t.co/jrusHyieEp https://t.co/vLK0rkKC3Q',84,19,23,True,https://twitter.com/jenyguedes1/status/1464559399767351300
252,'praticando a lei da atra√ß√£o pra ganhar o iPhone 12 no sorteio da vip motors ‚ú®gratid√£o ‚ú®',0,13634,1,True,https://twitter.com/lojinhadoiphone/status/1464555504722718733
253,'praticando a lei da atra√ß√£o pra ganhar o iPhone 12 no sorteio da vip motors ‚ú®gratid√£o ‚ú®',559,833,5,False,https://twitter.com/eduardaprts/status/1464555483088494595
254,'O sorteio do IPhone X vai ser esta semana no meu IG, mais tardar at√© 4a feira. Controlem.',0,13634,2,True,https://twitter.com/lojinhadoiphone/status/1464553977819942915
255,'O sorteio do IPhone X vai ser esta semana no meu IG, mais tardar at√© 4a feira. Controlem.',395,35179,54,False,https://twitter.com/danilopacastro/status/1464553956261212177
256,'Acabei de garantir o meu SuperCoffee com desconto na Black Friday da Caffeine Army, t√° muito legal! √â a chance perfeita pra quem quer experimentar o SuperCoffee e ainda concorrer ao Sorteio de Iphone 13 que eles est√£o fazendo! O link aqui pra quem quiser: https://t.co/9gx7peAYtb',0,13634,1,True,https://twitter.com/lojinhadoiphone/status/1464547071478878213
257,'@LeilaGermano J√° pode fazer sorteio de iphone',1463,460,6,False,https://twitter.com/glaucius_/status/1464520654548520960
258,'Consegui comprar meu SuperCoffee com desconto na Black Friday da Caffeine Army! S√≥ falta eu ganhar o sorteio do Iphone 13 agora, vou zerar o jogo kkkk. Se quiser aproveitar, acessa aqui o link: https://t.co/DQE5fES7nk',0,13634,1,True,https://twitter.com/lojinhadoiphone/status/1464468399438901255
259,'Consegui comprar meu SuperCoffee com desconto na Black Friday da Caffeine Army! S√≥ falta eu ganhar o sorteio do Iphone 13 agora, vou zerar o jogo kkkk. Se quiser aproveitar, acessa aqui o link: https://t.co/DQE5fES7nk',2,2,2,False,https://twitter.com/grekelly_/status/1464468377662017540
260,'Uma ajuda e mais um respiro para o @eulutopelosanimais üÜò. A @danlexservicos nos presenteou com esse Iphone 13 Pro, para que ganh√°ssemos algum f√¥lego a mais nesse final de ano. Cada n√∫mero apenas 8$ e sorteio j√° para o pr√≥ximo dia 08/12! https://t.co/jrusHyieEp https://t.co/vLK0rkKC3Q',117,25,23,True,https://twitter.com/SCratinguy/status/1464415169040330754
261,'Pra quem quer experimentar o SuperCoffee, sugiro aproveitar a Black Friday da Caffeine Army! At√© 25% de desconto, brindes da marca e ainda participa do sorteio de Iphone 13 que eles est√£o fazendo. Acabei de garantir minha participa√ß√£o! Acessa aqui pra ver: https://t.co/itsGaGTFIv',0,13634,1,True,https://twitter.com/lojinhadoiphone/status/1464391473051410432
262,'Pra quem quer experimentar o SuperCoffee, sugiro aproveitar a Black Friday da Caffeine Army! At√© 25% de desconto, brindes da marca e ainda participa do sorteio de Iphone 13 que eles est√£o fazendo. Acabei de garantir minha participa√ß√£o! Acessa aqui pra ver: https://t.co/itsGaGTFIv',891,214,1,False,https://twitter.com/dicasdereels/status/1464391451199033351
263,'S√≥ queria ganhar o sorteio de um iPhone de presente de Natal',0,13634,2,True,https://twitter.com/lojinhadoiphone/status/1464388134964273152
264,'S√≥ queria ganhar o sorteio de um iPhone de presente de Natal',145,166,3,False,https://twitter.com/gabysantosptc/status/1464388113254518787
265,'Consegui comprar meu SuperCoffee com desconto na Black Friday da Caffeine Army! S√≥ falta eu ganhar o sorteio do Iphone 13 agora, vou zerar o jogo kkkk. Se quiser aproveitar, acessa aqui o link: https://t.co/xy9ew6J4C5',947,194,1,False,https://twitter.com/gaspari_cris/status/1464378908359512067
266,'Acabei de garantir o meu SuperCoffee com desconto na Black Friday da Caffeine Army, t√° muito legal! √â a chance perfeita pra quem quer experimentar o SuperCoffee e ainda concorrer ao Sorteio de Iphone 13 que eles est√£o fazendo! O link aqui pra quem quiser: https://t.co/W4XOgrpJBe',1,0,1,False,https://twitter.com/GessicaJusten/status/1464373951900094477
267,'Olha o caminh√£o da promo√ß√£o D√° Play no Digio passando no seu feed üöö Participe do √öLTIMO sorteio de R$ 50 mil + megapr√™mios como Xbox e at√© iPhone + dois pr√™mios de R$ 200 todo dia ü§ë Use MUITO seu DigioCart√£o e DigioConta e cadastre-se gr√°tis em https://t.co/oVmcbP46y3 at√© 30/11 https://t.co/MgSBwZbfQF',8,0,2,True,https://twitter.com/moyapatricia_/status/1464354409048121355
268,'@almotchellis Faz um sorteio de iPhone no Instagram',262,82,1,False,https://twitter.com/carolxcap/status/1464336118799867906
269,'@Abby_comenta @wanderintata Quando a equipe e a pr√≥pria pessoa em si n√£o est√° nem a√≠, da√≠ fica triste a parada. Mas fazer o qu√™, o neg√≥cio √© torcer pra que essa grana que foi ganha tenha rendido, porque o ano que vem vai t√° fazendo sorteio de iPhone direito ü§ê',246,243,0,False,https://twitter.com/DarknessKikyou/status/1464331840530042886
270,'Baixe em seu celular o App do Cooperado e aproveite as in√∫meras funcionalidades. Lembrando que TEM SORTEIO DE UMA MOTO ZERO KM para quem baixar e mant√™-lo ativo. REGULAMENTO: https://t.co/ea4Ip42U2ADownload: Iphone: https://t.co/81JqWsdpiMAndroid: https://t.co/ZmV2vBWaFR https://t.co/V8ydxYxRUc',0,13634,1,True,https://twitter.com/lojinhadoiphone/status/1464315772084314127
271,'Baixe em seu celular o App do Cooperado e aproveite as in√∫meras funcionalidades. Lembrando que TEM SORTEIO DE UMA MOTO ZERO KM para quem baixar e mant√™-lo ativo. REGULAMENTO: https://t.co/ea4Ip42U2ADownload: Iphone: https://t.co/81JqWsdpiMAndroid: https://t.co/ZmV2vBWaFR https://t.co/V8ydxYxRUc',12,849,2,False,https://twitter.com/coocafebr/status/1464315749720334342
272,'@TioSolid @almotchellis Ou sorteio de Iphone no instagram.',520,299,5,False,https://twitter.com/aeciando/status/1464306467343904772
273,'@suzanafnsc sorteio so de iphone',486,103543,2,False,https://twitter.com/almotchellis/status/1464300908922159117
274,'Acabei de garantir o meu SuperCoffee com desconto na Black Friday da Caffeine Army, t√° muito legal! √â a chance perfeita pra quem quer experimentar o SuperCoffee e ainda concorrer ao Sorteio de Iphone 13 que eles est√£o fazendo! O link aqui pra quem quiser: https://t.co/kNvExR4zro',3,0,0,False,https://twitter.com/RonaldoJadoski/status/1464283548634988549
275,'Participe do Sorteio de um iPhone 13 vermelho!üíô Like &amp; RTüìå Marque os amigosüéÅ iPhone 13 Vermelho  https://t.co/jbmRXd4Rac#iPhone13 #Apple #Sorteio #Giveaways #iPhone #sorteo #BlackFriday https://t.co/cplZL5zeWK',325,4,2,True,https://twitter.com/2a1b32507097408/status/1464278316878336033
276,'Pra quem quer experimentar o SuperCoffee, sugiro aproveitar a Black Friday da Caffeine Army! At√© 25% de desconto, brindes da marca e ainda participa do sorteio de Iphone 13 que eles est√£o fazendo. Acabei de garantir minha participa√ß√£o! Acessa aqui pra ver: https://t.co/i4Mi3GMXp8',399,268,0,False,https://twitter.com/gustavomoraesB/status/1464269818652250121
277,'e ainda ganhei o sorteio de uma caixa de bombom, eu queria era um iphone',5192,5150,1,False,https://twitter.com/diskvog/status/1464245463314542597
278,'‚ö†Ô∏è √öltimo dia da Black Friday da @EstrelaBet! Apostando exatos R$ 26,11, voc√™ concorre a um iPhone 12 PRO MAX! O sorteio ser√° dia 29/11, ent√£o corre l√° no twitter da @EstrelaBet e confira as regras! Clique no link e comece a apostar! https://t.co/mKqJqfonuB https://t.co/cDeYORal7G',157,27539,8,False,https://twitter.com/fdalvinegro/status/1464240547657392132
279,'Contribua voc√™ tamb√©m https://t.co/XXXZlCOkCp',859,59,0,False,https://twitter.com/tomdeqlrlugar/status/1464223917913088004
280,'Bem que eu poderia ganhar um iPhone 11 ou 12 em algum sorteio',0,13634,1,True,https://twitter.com/lojinhadoiphone/status/1464198618177585179
281,'Bem que eu poderia ganhar um iPhone 11 ou 12 em algum sorteio',60,57,3,False,https://twitter.com/alvesskathe/status/1464198596430077954
282,'@AnaPaulaxx1 Se acompanhassem a dela talvez ela n√£o teria desistido da carreira em situa√ß√µes de barril tendo que ir rouba os pobre de chipas  e fazer sorteio de iPhone para ganhar seguidores https://t.co/AfaRFeidSy',95,89,0,False,https://twitter.com/MaripalDm/status/1464197722202947621
283,'Consegui comprar meu SuperCoffee com desconto na Black Friday da Caffeine Army! S√≥ falta eu ganhar o sorteio do Iphone 13 agora, vou zerar o jogo kkkk. Se quiser aproveitar, acessa aqui o link: https://t.co/IxdryVEq7j',0,13634,1,True,https://twitter.com/lojinhadoiphone/status/1464178913257705475
284,'Consegui comprar meu SuperCoffee com desconto na Black Friday da Caffeine Army! S√≥ falta eu ganhar o sorteio do Iphone 13 agora, vou zerar o jogo kkkk. Se quiser aproveitar, acessa aqui o link: https://t.co/IxdryVEq7j',354,85,3,False,https://twitter.com/adv_victorhugo/status/1464178891598315531
285,'a garota ganhou um iPhone 12 num sorteio e t√° falando que foi muita luta e muito esfor√ßo, e que ela batalhou muito.vou passar o endere√ßo pra ela ir tomar no cu üëç',96,40,2,False,https://twitter.com/patrickysantos5/status/1464088346637094914
286,'se a anahi vier com v√≠deo de sorteio de iphone ou pra vender fantasia pro proximo halloween eu sou capaz de cometer um crime de √≥dio https://t.co/EfRRTBOCVY',0,13634,1,True,https://twitter.com/lojinhadoiphone/status/1464066278730215427
287,'se a anahi vier com v√≠deo de sorteio de iphone ou pra vender fantasia pro proximo halloween eu sou capaz de cometer um crime de √≥dio https://t.co/EfRRTBOCVY',360,397,1,False,https://twitter.com/kdekaron/status/1464066256852725802
288,'e vamos de sorteio de iphone que vem com um v√≠deo gravado dentro, siga 250 pessoas para concorrer',0,13634,1,True,https://twitter.com/lojinhadoiphone/status/1464062943834910733
289,'e vamos de sorteio de iphone que vem com um v√≠deo gravado dentro, siga 250 pessoas para concorrer',789,912,2,False,https://twitter.com/feelingsavinon/status/1464062922183917568
290,'finalmente parou de fazer sorteio de iphone e voltou pro que interessa',1022,4716,1,False,https://twitter.com/Dantecitty/status/1464049397923303427
291,'Acabei de garantir o meu SuperCoffee com desconto na Black Friday da Caffeine Army, t√° muito legal! √â a chance perfeita pra quem quer experimentar o SuperCoffee e ainda concorrer ao Sorteio de Iphone 13 que eles est√£o fazendo! O link aqui pra quem quiser: https://t.co/nE1Sf1PmQO',54,1,0,False,https://twitter.com/ThetosVi/status/1464047354693234696
292,'A amargura pq a ex-ruivinha t√° servindo tudo enquanto a fave faz a linha miss bumbum e sorteio de iPhone. üó£ https://t.co/2fulWEnt2C',307,458,4,False,https://twitter.com/wallycarvalhoc/status/1464041420113727494
293,'‚ö´‚≠ê√öltimos dias da Black Friday da @EstrelaBet ! ‚ö´‚≠êApostando R$26.11 no site da nossa patrocinadora at√© o dia 26/11, voc√™ ganha um ticket para concorrer a um iPhone 12 PRO MAX. O sorteio ser√° dia 29/11, ent√£o corre l√° no twitter da @EstrelaBet e confira as regras!Publi* https://t.co/AkYi2XfXP0',1260,144,2,True,https://twitter.com/douglascunha91/status/1464018584536076289
294,'‚ö´‚≠ê√öltimos dias da Black Friday da @EstrelaBet ! ‚ö´‚≠êApostando R$26.11 no site da nossa patrocinadora at√© o dia 26/11, voc√™ ganha um ticket para concorrer a um iPhone 12 PRO MAX. O sorteio ser√° dia 29/11, ent√£o corre l√° no twitter da @EstrelaBet e confira as regras!Publi* https://t.co/AkYi2XfXP0',4946,10388,9,False,https://twitter.com/VaiFalaGlorioso/status/1464018327341309953
295,'se a chorinho tivesse marcando os @ no sorteio de iPhone e n√£o assistindo as entrevistas da dulce talvez ate ela ganhasse',0,13634,1,True,https://twitter.com/lojinhadoiphone/status/1464016931799932932
